Date	Time	Temperature	Humidity	Place
05-02-24	2:03:00	24.73483354	56.9067236	Kanpur
21-04-24	9:29:00	33.70674363	67.95525496	Lucknow
18-04-24	6:52:00	32.32504415	84.40404849	Agra
15-06-24	3:04:00	20.73908098	53.50056059	Prayagraj
04-12-24	5:25:00	31.12700842	47.76051287	Gorakhpur
15-10-24	2:25:00	18.28153384	63.04289606	Prayagraj
04-08-24	18:17:00	27.74831887	44.26321533	Prayagraj
26-10-24	22:15:00	32.7046626	66.036336	Agra
24-06-24	9:58:00	14.07608171	53.73042728	Prayagraj
18-02-24	0:46:00	33.8783097	64.48307601	Gorakhpur
01-10-24	19:40:00	29.56951265	52.87817405	Prayagraj
29-03-24	23:14:00	32.89666701	70.55080486	Lucknow
20-04-24	3:11:00	30.37099602	50.0203246	Prayagraj
26-03-24	7:12:00	23.03268909	54.89559415	Varanasi
09-05-24	6:54:00	25.64465505	53.61061011	Prayagraj
30-07-24	21:10:00	31.37071753	59.04659649	Lucknow
07-05-24	19:07:00	22.36787872	71.5036101	Lucknow
22-01-24	6:49:00	19.79211798	59.79764855	Varanasi
17-06-24	16:20:00	26.46641037	65.03692151	Agra
22-03-24	16:24:00	38.04062479	71.14830282	Agra
22-11-24	11:47:00	22.14027271	50.71419416	Agra
24-07-24	9:55:00	24.01301372	54.93429381	Lucknow
21-05-24	8:19:00	26.05882028	74.20867209	Lucknow
28-02-24	10:40:00	25.54084643	65.64899654	Prayagraj
22-12-24	10:51:00	20.23043141	49.35750287	Prayagraj
03-02-24	12:24:00	23.46013932	32.78233226	Varanasi
07-05-24	14:32:00	22.1817588	53.97984951	Gorakhpur
26-05-24	17:10:00	22.59716404	63.26500924	Kanpur
20-10-24	16:31:00	20.43495621	61.1867665	Kanpur
22-06-24	9:15:00	27.46980877	46.38412782	Varanasi
22-11-24	17:44:00	23.5344952	60.48796269	Gorakhpur
26-03-24	6:25:00	28.39339656	71.38121689	Lucknow
01-03-24	13:35:00	28.4171017	35.23554463	Gorakhpur
10-10-24	22:57:00	22.37289233	61.66396676	Gorakhpur
28-10-24	18:50:00	27.61557544	61.63530842	Kanpur
04-01-24	0:55:00	24.2172821	74.48915453	Agra
25-08-24	1:01:00	24.03093406	68.0979921	Kanpur
21-07-24	14:09:00	18.62072758	46.36166867	Varanasi
29-08-24	23:17:00	16.4753762	51.91260212	Gorakhpur
11-04-24	21:18:00	16.95428147	63.11961594	Agra
02-10-24	20:58:00	28.83836133	75.74862089	Prayagraj
29-11-24	2:03:00	13.54068575	59.6387736	Kanpur
18-10-24	21:31:00	20.0537512	56.67338762	Prayagraj
06-12-24	15:21:00	17.93490702	64.01146293	Prayagraj
07-10-24	15:40:00	22.06517684	69.49407905	Gorakhpur
21-02-24	1:05:00	22.01740463	53.55509764	Kanpur
17-06-24	11:25:00	28.80967084	78.15583612	Varanasi
13-05-24	1:02:00	7.850387159	62.63539357	Varanasi
04-06-24	5:28:00	39.46572341	51.51672563	Prayagraj
30-05-24	12:41:00	22.73563411	70.47101706	Gorakhpur
24-04-24	9:51:00	24.42591238	67.3423317	Gorakhpur
17-11-24	12:41:00	29.34404328	64.90731267	Varanasi
29-06-24	16:27:00	25.01964341	57.6517465	Varanasi
18-08-24	3:44:00	21.0766561	85.34560772	Lucknow
14-06-24	6:46:00	21.64245578	46.97091255	Varanasi
09-11-24	20:06:00	31.39583152	54.74343541	Prayagraj
02-02-24	5:04:00	22.20052102	41.49430507	Gorakhpur
17-04-24	6:52:00	31.47994144	76.06792555	Kanpur
24-03-24	16:06:00	26.90796639	59.2911098	Kanpur
09-06-24	14:31:00	23.50251116	50.45932522	Kanpur
10-10-24	22:17:00	25.39615258	77.16269976	Gorakhpur
25-03-24	22:38:00	27.52048681	51.39786072	Kanpur
30-08-24	2:19:00	19.85891389	54.60347949	Prayagraj
05-09-24	16:39:00	26.18686346	65.91400275	Varanasi
26-10-24	8:21:00	24.7404698	64.93128366	Varanasi
21-03-24	8:51:00	27.74358833	57.72402221	Varanasi
10-06-24	8:45:00	18.00933387	73.34436239	Agra
02-03-24	13:07:00	26.91553675	62.32862166	Kanpur
06-11-24	10:17:00	26.96486883	60.51111491	Prayagraj
26-05-24	6:21:00	28.03794852	50.60169988	Agra
26-02-24	14:02:00	22.55109444	55.84884085	Gorakhpur
29-04-24	5:41:00	25.18801944	42.02240027	Agra
02-11-24	12:15:00	28.52969375	67.88634384	Agra
21-08-24	9:16:00	16.3537756	48.18729741	Prayagraj
25-11-24	19:00:00	29.37061644	74.52733155	Prayagraj
24-10-24	20:11:00	21.91362036	61.38683618	Lucknow
24-03-24	15:57:00	28.79171955	54.7592255	Lucknow
14-01-24	17:57:00	25.68939778	54.47068762	Prayagraj
26-04-24	2:58:00	27.10210702	44.13264919	Prayagraj
28-07-24	21:32:00	18.0157431	45.08614872	Kanpur
13-11-24	11:23:00	20.54180787	73.21231152	Agra
01-05-24	3:12:00	25.77413118	77.54797165	Kanpur
13-10-24	16:26:00	27.63307951	42.95139807	Gorakhpur
28-12-24	0:33:00	31.24587575	61.18701968	Kanpur
11-09-24	4:41:00	24.02821644	72.51131048	Lucknow
21-08-24	15:41:00	21.88419261	82.20426552	Gorakhpur
05-07-24	20:41:00	24.61653193	45.85930686	Kanpur
09-10-24	13:02:00	23.18353061	72.70268092	Prayagraj
16-04-24	20:12:00	26.65432946	72.6930962	Prayagraj
14-01-24	5:38:00	27.80224666	60.97996964	Varanasi
27-06-24	21:03:00	25.67424341	70.35633517	Agra
20-06-24	7:47:00	21.79233888	66.60798905	Kanpur
18-03-24	23:44:00	28.22406391	54.07604554	Varanasi
05-05-24	13:42:00	21.24136145	53.82575853	Varanasi
22-06-24	12:10:00	24.16198237	49.97998357	Lucknow
22-08-24	4:23:00	16.04067237	64.2344101	Varanasi
25-05-24	23:59:00	21.03502809	56.18338451	Gorakhpur
31-08-24	0:59:00	26.19987581	54.50204108	Prayagraj
15-01-24	19:10:00	29.59161759	63.68788333	Prayagraj
03-07-24	10:52:00	19.16394624	49.82497101	Kanpur
07-06-24	5:39:00	27.09495377	55.92118609	Gorakhpur
08-02-24	21:24:00	21.21223533	53.65539559	Varanasi
03-06-24	9:16:00	29.52369353	54.13434149	Prayagraj
20-07-24	21:41:00	21.91665281	61.90970193	Varanasi
22-11-24	0:46:00	24.19476114	63.12843609	Agra
10-01-24	0:42:00	31.51603127	41.08297956	Kanpur
16-04-24	12:54:00	17.09446574	65.36340337	Gorakhpur
26-04-24	22:26:00	21.52783534	71.61198933	Gorakhpur
13-11-24	14:23:00	21.83847474	64.47159771	Gorakhpur
09-02-24	21:17:00	23.09318019	59.34758485	Varanasi
27-01-24	2:17:00	24.72241902	59.85050821	Varanasi
29-05-24	20:13:00	21.66086399	68.48703668	Lucknow
15-09-24	15:54:00	28.25846313	66.17931452	Varanasi
23-04-24	21:36:00	25.17663114	51.58948232	Prayagraj
29-01-24	11:43:00	22.15572153	63.53915973	Gorakhpur
17-09-24	2:58:00	26.30652477	60.04783112	Kanpur
12-02-24	1:38:00	27.9465317	68.09825314	Prayagraj
17-06-24	12:16:00	24.74357107	82.19812098	Kanpur
17-12-24	5:56:00	20.15273169	52.73832292	Gorakhpur
04-06-24	3:00:00	23.62714162	45.15263459	Gorakhpur
13-01-24	23:19:00	29.5204833	58.46259002	Lucknow
14-07-24	14:37:00	22.61758904	61.54702719	Agra
12-08-24	8:45:00	25.77677894	54.76687151	Lucknow
05-03-24	5:02:00	23.91347258	77.48388774	Kanpur
19-01-24	6:10:00	22.38041881	49.05046961	Kanpur
24-11-24	10:34:00	21.90000336	61.31201121	Gorakhpur
08-09-24	10:18:00	34.92763052	52.01393519	Agra
12-04-24	20:11:00	23.98957827	69.89742974	Gorakhpur
12-08-24	15:30:00	16.14414172	43.54105812	Agra
13-01-24	23:27:00	25.58221474	65.67265064	Agra
27-07-24	19:17:00	20.706994	45.25185942	Kanpur
09-12-24	6:55:00	19.48809531	54.76487775	Kanpur
23-08-24	10:22:00	40.13833803	71.63614793	Varanasi
20-07-24	23:25:00	23.54901657	50.93029417	Kanpur
28-11-24	7:28:00	17.81525491	79.04263121	Varanasi
10-06-24	22:06:00	21.08474591	52.87428293	Lucknow
08-07-24	7:00:00	28.6144124	55.85331873	Gorakhpur
28-01-24	1:39:00	24.49293839	66.83538378	Kanpur
12-12-24	11:15:00	22.75664623	69.43260828	Varanasi
06-07-24	11:54:00	23.2956244	66.65273618	Agra
27-07-24	12:09:00	29.55795808	55.97118	Prayagraj
12-07-24	21:54:00	31.86725802	55.62337139	Gorakhpur
15-11-24	9:32:00	19.56367981	67.23874751	Agra
11-03-24	7:04:00	23.49615842	52.50916535	Varanasi
16-08-24	1:04:00	17.290079	55.31557671	Varanasi
06-06-24	4:34:00	18.88793924	50.25763495	Gorakhpur
08-09-24	5:05:00	18.36827846	53.67017803	Gorakhpur
14-11-24	13:29:00	16.23730913	60.73080537	Varanasi
05-11-24	13:35:00	17.73570142	66.70043353	Gorakhpur
22-08-24	11:28:00	27.33322978	75.95391472	Lucknow
11-08-24	12:51:00	34.43648147	66.56611276	Varanasi
21-01-24	17:31:00	29.05233774	60.90276141	Prayagraj
02-01-24	22:11:00	24.28972396	53.42861291	Lucknow
16-06-24	9:51:00	30.51705419	83.63804365	Lucknow
17-12-24	12:51:00	12.14836792	63.92134383	Varanasi
16-07-24	18:41:00	34.58522544	44.89452358	Agra
24-01-24	12:56:00	32.57163282	59.72511904	Gorakhpur
26-11-24	12:59:00	28.25282517	35.57351217	Kanpur
08-03-24	20:51:00	23.6767532	46.36654947	Gorakhpur
25-01-24	7:20:00	26.48035806	47.44866944	Kanpur
23-06-24	6:25:00	20.61319422	59.1410518	Agra
04-05-24	18:05:00	29.32686821	50.91226016	Prayagraj
18-03-24	3:15:00	22.19304491	68.16027741	Gorakhpur
22-04-24	4:06:00	19.57884763	59.62618679	Lucknow
21-08-24	5:03:00	22.94589947	63.51853929	Kanpur
16-11-24	22:58:00	31.86841361	73.0352383	Varanasi
05-10-24	15:53:00	23.06716426	44.39237333	Agra
21-10-24	3:49:00	24.19588188	52.33398754	Kanpur
10-03-24	5:49:00	18.18221858	62.33081802	Kanpur
13-04-24	8:58:00	26.79010314	73.86283846	Prayagraj
15-09-24	21:21:00	28.53841279	63.20809121	Gorakhpur
26-11-24	0:44:00	20.12684614	66.28007973	Gorakhpur
09-09-24	8:32:00	36.26957207	60.27297708	Varanasi
06-01-24	0:40:00	28.82312408	65.49381006	Gorakhpur
24-10-24	1:07:00	24.85515928	45.72946205	Agra
25-03-24	11:17:00	23.58889866	57.56481079	Agra
28-01-24	10:13:00	23.98936784	61.60165957	Prayagraj
09-11-24	3:31:00	27.55572231	45.520491	Lucknow
19-11-24	1:37:00	24.59318055	51.86120795	Gorakhpur
27-04-24	11:10:00	28.58593921	62.83728732	Gorakhpur
02-09-24	4:54:00	24.17513074	54.77292686	Prayagraj
23-05-24	3:50:00	25.79983701	62.36169361	Varanasi
21-11-24	15:35:00	22.26173826	66.63694203	Agra
25-07-24	5:22:00	29.20455009	76.9300982	Prayagraj
23-12-24	22:34:00	18.48328697	73.76005951	Gorakhpur
23-01-24	9:05:00	29.9254538	58.21381714	Gorakhpur
22-01-24	19:02:00	31.17568874	49.15521935	Gorakhpur
18-04-24	3:45:00	13.51305189	52.19738465	Varanasi
04-03-24	10:32:00	13.46007785	78.67298931	Varanasi
12-08-24	17:23:00	30.30898598	67.20872701	Gorakhpur
28-04-24	9:11:00	18.87798172	79.18334718	Agra
07-11-24	0:16:00	29.86688581	68.31724906	Gorakhpur
28-09-24	1:31:00	23.61499289	69.399063	Varanasi
21-07-24	14:32:00	22.00918	53.53837582	Lucknow
26-01-24	17:36:00	27.09814787	81.08563417	Kanpur
14-07-24	1:39:00	24.14134967	60.99750774	Prayagraj
09-11-24	16:40:00	32.7569818	50.38703895	Agra
20-11-24	16:05:00	21.41881402	73.90652136	Agra
14-03-24	1:15:00	21.28415139	76.32752343	Prayagraj
25-02-24	8:02:00	17.67496743	74.48078892	Prayagraj
08-01-24	2:41:00	28.12689167	62.36952704	Gorakhpur
21-09-24	9:40:00	18.32650323	60.00135746	Agra
15-11-24	23:32:00	22.34305623	66.20847987	Prayagraj
07-09-24	3:20:00	20.37170963	71.86621101	Agra
03-02-24	2:39:00	25.01609005	62.83221322	Prayagraj
14-10-24	3:01:00	23.95748563	55.3652671	Agra
06-05-24	2:53:00	27.34630971	41.33861547	Gorakhpur
03-07-24	18:56:00	27.64756843	59.01404149	Lucknow
15-04-24	12:31:00	24.57544239	61.63541763	Gorakhpur
21-04-24	16:43:00	29.59446287	46.00475087	Agra
24-03-24	21:06:00	17.19026559	49.37098621	Varanasi
02-01-24	12:47:00	18.84122252	67.14288937	Gorakhpur
25-05-24	18:25:00	21.76689159	50.43298373	Gorakhpur
01-02-24	16:53:00	18.81822938	63.80606266	Kanpur
07-04-24	4:30:00	25.33983495	51.09463041	Gorakhpur
27-02-24	20:24:00	17.7387392	66.63431093	Lucknow
06-02-24	21:38:00	21.31700575	75.7246751	Prayagraj
02-09-24	9:08:00	21.70140551	35.36254473	Varanasi
30-08-24	21:01:00	22.5171553	55.30539549	Varanasi
20-05-24	23:45:00	20.70936093	71.51421631	Varanasi
28-02-24	12:15:00	25.69081367	74.56250214	Prayagraj
25-03-24	3:29:00	17.77127324	64.47433849	Kanpur
17-06-24	5:23:00	18.71219141	51.8477321	Kanpur
19-08-24	10:15:00	22.81546719	70.94227316	Prayagraj
23-04-24	3:02:00	31.17594137	57.66951649	Varanasi
07-01-24	22:44:00	24.65095824	61.62062568	Kanpur
01-06-24	0:28:00	29.71404788	63.37345752	Varanasi
22-02-24	0:55:00	30.65024011	39.78989504	Varanasi
22-06-24	5:42:00	10.54201091	55.24653847	Lucknow
10-12-24	8:27:00	37.25372113	78.00633258	Gorakhpur
25-08-24	10:59:00	28.60833511	70.23249673	Kanpur
06-10-24	6:42:00	26.42809916	64.16712566	Agra
05-07-24	5:33:00	29.38083185	64.68402835	Lucknow
19-08-24	7:21:00	33.95982778	58.81631306	Kanpur
22-07-24	4:56:00	12.83785177	64.83837383	Varanasi
08-01-24	18:35:00	23.72070649	58.83956963	Gorakhpur
20-02-24	4:40:00	22.52429871	51.3686703	Lucknow
27-01-24	15:22:00	35.15943646	48.47638272	Prayagraj
18-11-24	8:28:00	27.10274386	50.9575334	Prayagraj
04-11-24	17:13:00	27.06104157	52.27374619	Gorakhpur
20-05-24	12:00:00	24.67527457	60.97056482	Varanasi
28-07-24	10:06:00	19.72227946	53.6194854	Agra
08-01-24	2:01:00	24.41084773	57.68197333	Varanasi
22-06-24	9:12:00	16.40097067	60.32564195	Kanpur
01-08-24	17:41:00	18.38597621	64.24038242	Gorakhpur
05-06-24	16:02:00	30.27644484	63.23654328	Agra
02-08-24	2:22:00	22.09139819	35.89786487	Kanpur
28-12-24	23:08:00	24.58662709	63.49953537	Varanasi
09-12-24	12:57:00	17.09625661	68.97430359	Varanasi
02-09-24	1:54:00	22.93497251	73.34815367	Lucknow
21-06-24	14:43:00	25.62426114	71.95704295	Varanasi
04-10-24	22:29:00	23.74181242	54.19806353	Agra
13-05-24	14:15:00	28.69229246	47.29537444	Kanpur
12-11-24	2:02:00	24.76273138	69.48857563	Varanasi
21-11-24	2:29:00	17.94254716	46.6215368	Lucknow
14-04-24	23:54:00	25.42161506	62.29913862	Agra
03-11-24	10:01:00	32.91427939	50.08017953	Kanpur
18-10-24	14:55:00	20.83087466	46.74819559	Agra
05-09-24	22:51:00	19.55799578	68.5564533	Varanasi
15-10-24	2:38:00	21.60258965	54.83577048	Prayagraj
05-10-24	17:50:00	18.42272537	39.7068503	Agra
22-06-24	4:18:00	25.01026621	54.0832568	Agra
22-03-24	9:25:00	23.63572012	55.03001385	Prayagraj
09-02-24	0:40:00	17.48177183	64.06914095	Agra
19-03-24	6:17:00	28.41043727	58.39717766	Prayagraj
22-11-24	15:04:00	24.51280662	53.1573284	Lucknow
13-03-24	20:45:00	30.4139382	78.25638233	Prayagraj
06-10-24	10:53:00	23.18095043	61.28482388	Kanpur
24-04-24	17:00:00	20.41121692	78.23809294	Kanpur
29-12-24	18:37:00	20.51102737	84.75595407	Agra
17-01-24	22:33:00	13.33581373	74.32518211	Gorakhpur
15-09-24	4:00:00	20.83272748	58.65758895	Kanpur
24-11-24	5:43:00	32.98160828	62.96137887	Agra
27-07-24	0:19:00	19.05775663	66.99039957	Gorakhpur
22-12-24	2:27:00	27.60192608	55.77946535	Kanpur
27-10-24	17:07:00	21.08640903	57.70993105	Lucknow
11-05-24	5:13:00	18.90925243	34.11449815	Varanasi
23-04-24	9:37:00	30.66921945	57.09448333	Gorakhpur
22-09-24	8:58:00	33.37377981	59.25150968	Agra
09-11-24	1:23:00	20.42682523	67.43317307	Gorakhpur
26-01-24	19:13:00	21.98454469	61.173906	Kanpur
08-08-24	1:47:00	19.81284981	59.96672253	Lucknow
10-06-24	13:28:00	25.22308516	61.12619931	Varanasi
06-10-24	22:48:00	31.58086088	50.74650403	Varanasi
03-07-24	2:56:00	34.7285808	67.21474457	Prayagraj
08-08-24	23:47:00	24.5959273	49.70226437	Varanasi
19-08-24	1:50:00	22.42613626	72.78497884	Prayagraj
04-11-24	20:12:00	25.56144527	65.18854045	Agra
17-04-24	6:11:00	25.52784591	66.56366605	Agra
23-03-24	19:35:00	21.59644878	51.73311359	Gorakhpur
11-04-24	4:49:00	31.05831743	62.94465208	Lucknow
24-03-24	10:59:00	26.01838426	46.24361372	Lucknow
09-11-24	3:20:00	30.19612178	55.26781303	Gorakhpur
20-04-24	3:15:00	27.28747804	46.67242867	Prayagraj
18-12-24	2:35:00	26.89791803	70.59721138	Prayagraj
21-07-24	18:12:00	24.73699237	68.02091711	Prayagraj
08-11-24	10:04:00	20.96176976	72.17678645	Gorakhpur
18-11-24	14:28:00	25.47220825	58.42388155	Lucknow
29-11-24	15:01:00	22.18304404	41.1816687	Prayagraj
24-04-24	1:36:00	20.56296552	48.86941998	Gorakhpur
13-08-24	6:45:00	25.65294513	55.33949173	Agra
08-03-24	0:23:00	25.72385306	55.70891123	Lucknow
14-02-24	4:34:00	24.41165122	47.95695503	Prayagraj
10-02-24	20:21:00	18.39409931	65.06817689	Varanasi
05-02-24	5:02:00	20.85092266	62.25153671	Kanpur
22-06-24	16:29:00	35.97157615	70.02487236	Gorakhpur
21-07-24	0:33:00	24.44343624	50.97447779	Gorakhpur
05-06-24	14:53:00	37.83785214	60.4171084	Kanpur
13-12-24	13:17:00	28.75806539	48.47435909	Varanasi
08-10-24	16:40:00	27.28440142	63.05822437	Gorakhpur
17-03-24	9:05:00	39.11522512	74.88437861	Varanasi
13-11-24	11:05:00	32.57918062	36.77120851	Prayagraj
30-12-24	18:44:00	25.35776032	55.8207444	Agra
06-02-24	20:47:00	26.59251734	58.34923093	Agra
03-02-24	0:51:00	23.99437762	70.43510583	Prayagraj
13-08-24	5:58:00	25.95556224	74.5090347	Varanasi
02-07-24	14:36:00	20.66160547	49.56577356	Prayagraj
24-12-24	0:40:00	11.91212027	50.50783577	Lucknow
09-12-24	5:39:00	28.41863581	48.37899274	Kanpur
24-07-24	5:01:00	25.31024856	62.68990972	Agra
16-11-24	22:44:00	24.16130781	54.58923108	Gorakhpur
16-01-24	23:01:00	20.84007078	55.11128978	Varanasi
06-12-24	22:03:00	23.11394733	55.01469831	Agra
16-07-24	16:25:00	17.14657755	64.87143938	Prayagraj
25-10-24	7:04:00	21.21314975	47.62052875	Prayagraj
24-03-24	12:30:00	21.56713049	43.78235465	Varanasi
14-05-24	23:04:00	26.01432382	53.35591194	Varanasi
14-02-24	18:15:00	20.74333449	79.46140258	Kanpur
25-08-24	16:21:00	26.06561409	46.72278894	Prayagraj
16-03-24	20:21:00	22.80515354	55.8442486	Kanpur
11-01-24	2:14:00	20.54849488	49.31841088	Gorakhpur
05-10-24	15:20:00	26.84729312	54.47781613	Kanpur
10-03-24	0:22:00	33.56024802	68.78390516	Lucknow
13-01-24	11:41:00	23.4811029	54.63244962	Gorakhpur
25-09-24	9:19:00	21.71785384	56.37799945	Gorakhpur
23-02-24	5:16:00	15.77827617	58.95017879	Varanasi
19-03-24	1:18:00	21.40835241	60.27421471	Varanasi
10-03-24	9:54:00	28.90027373	64.58088664	Lucknow
31-05-24	10:05:00	19.67101479	62.68061869	Gorakhpur
16-04-24	11:24:00	20.27870043	62.54860378	Varanasi
21-09-24	19:25:00	26.60570308	50.97287424	Prayagraj
09-02-24	18:05:00	23.17555409	58.12476901	Lucknow
24-06-24	21:56:00	26.17665127	70.3027481	Gorakhpur
09-09-24	8:57:00	16.13372716	39.9480355	Agra
19-06-24	5:21:00	28.21726686	70.3058158	Agra
18-12-24	0:00:00	32.42632999	52.49106943	Agra
22-05-24	3:49:00	26.37068777	63.24279138	Gorakhpur
24-08-24	5:42:00	28.03823145	46.47800723	Gorakhpur
24-03-24	19:38:00	23.14899698	75.6317144	Prayagraj
09-03-24	2:51:00	25.13986074	67.73226535	Agra
12-04-24	2:10:00	25.31018954	51.72775155	Gorakhpur
05-09-24	3:36:00	14.4654373	45.4968509	Lucknow
10-12-24	22:25:00	23.42034281	70.87777498	Varanasi
03-12-24	14:36:00	23.44725381	59.66910577	Gorakhpur
04-02-24	9:24:00	31.05801234	66.97409579	Prayagraj
09-04-24	8:19:00	20.2901878	66.88654288	Kanpur
08-03-24	16:05:00	25.1630979	59.51525166	Agra
02-04-24	14:49:00	26.92602424	52.32948686	Lucknow
03-10-24	21:59:00	22.29628027	69.78908333	Kanpur
07-09-24	3:25:00	28.78890185	53.87263353	Agra
23-09-24	2:37:00	27.46562848	31.04031756	Varanasi
11-03-24	11:21:00	27.54942825	68.62715064	Agra
16-11-24	16:01:00	32.21807019	63.47684172	Agra
12-05-24	23:06:00	25.77642604	52.19517497	Lucknow
21-05-24	18:39:00	29.25930969	53.54525296	Lucknow
11-07-24	16:18:00	21.24666632	68.23903331	Kanpur
03-12-24	13:21:00	28.38593965	59.86929709	Agra
15-08-24	0:27:00	26.31473171	79.63621735	Gorakhpur
23-07-24	21:26:00	23.77075071	59.80208257	Agra
15-12-24	7:23:00	21.4054562	66.57861505	Lucknow
18-07-24	21:57:00	24.22148112	73.75116799	Gorakhpur
29-08-24	9:43:00	32.81984135	53.96865616	Kanpur
20-11-24	17:22:00	29.10638075	47.40405141	Kanpur
13-11-24	18:21:00	22.08635694	48.38639051	Agra
30-09-24	7:02:00	19.76193099	65.16900704	Gorakhpur
01-01-24	3:04:00	34.50309495	57.34687621	Agra
04-02-24	11:17:00	19.80542767	56.94360608	Lucknow
07-10-24	3:39:00	24.54091399	79.18143347	Varanasi
08-07-24	2:57:00	31.01022461	38.73310241	Gorakhpur
07-12-24	1:06:00	31.62584834	57.61675926	Agra
31-05-24	6:26:00	28.82329663	63.94343604	Lucknow
17-10-24	6:05:00	30.03780929	48.62962722	Agra
21-03-24	1:17:00	14.46161383	50.28829307	Prayagraj
13-06-24	11:09:00	27.32486237	57.87487829	Agra
24-04-24	1:12:00	28.97247151	67.87992785	Lucknow
15-07-24	20:24:00	25.94699	66.94512556	Kanpur
07-11-24	6:28:00	20.94846772	54.23817275	Kanpur
03-12-24	8:17:00	24.32539645	55.47531659	Gorakhpur
25-04-24	5:01:00	22.76563458	47.77731842	Agra
26-11-24	6:32:00	17.94201195	51.10548365	Gorakhpur
10-10-24	15:21:00	21.59760532	77.3669093	Kanpur
25-12-24	23:23:00	21.35574195	88.34377977	Prayagraj
02-05-24	8:28:00	24.66774251	57.85528796	Varanasi
08-09-24	8:59:00	26.15972479	52.00457207	Lucknow
04-05-24	8:26:00	29.5024836	72.43586089	Kanpur
31-12-24	14:48:00	28.54515917	50.39877457	Varanasi
23-08-24	3:50:00	24.70769084	74.62407969	Gorakhpur
23-01-24	3:15:00	27.15710848	63.81093421	Agra
23-11-24	7:19:00	27.55590775	59.25886429	Gorakhpur
19-04-24	22:33:00	21.90204917	78.87275711	Lucknow
19-02-24	18:34:00	20.04220574	53.29025691	Varanasi
13-06-24	7:15:00	35.74866918	67.58376277	Agra
31-07-24	9:21:00	31.98308688	52.73773116	Varanasi
15-03-24	23:12:00	22.63925761	77.91284243	Lucknow
18-10-24	19:25:00	20.48459613	80.887666	Lucknow
26-02-24	20:25:00	25.66637857	57.76330606	Varanasi
01-06-24	1:24:00	23.10712264	65.96194413	Agra
22-07-24	6:28:00	20.13016269	65.28265508	Varanasi
23-08-24	2:11:00	22.81092902	54.13263968	Lucknow
31-12-24	7:33:00	16.71123979	70.47448088	Lucknow
15-08-24	16:10:00	16.34558739	45.21989329	Lucknow
04-01-24	6:44:00	27.02948827	75.54081282	Lucknow
18-05-24	20:42:00	29.89039906	65.18909087	Agra
28-04-24	2:42:00	21.63732961	65.13507819	Lucknow
30-11-24	22:11:00	13.40513469	71.36001799	Lucknow
16-07-24	11:27:00	24.28874414	68.89654187	Lucknow
03-01-24	1:29:00	21.7662471	77.62170405	Varanasi
07-02-24	18:05:00	24.45057991	65.62461188	Agra
12-10-24	13:28:00	28.27300186	43.61633263	Agra
01-06-24	16:25:00	27.58195931	67.6636397	Varanasi
23-02-24	6:20:00	23.72609873	61.16593826	Lucknow
25-04-24	14:15:00	35.56950748	62.5126706	Gorakhpur
24-09-24	15:21:00	25.28781331	62.35418446	Agra
01-05-24	15:04:00	37.68180335	57.76219483	Varanasi
21-11-24	19:31:00	21.18950866	68.09452685	Prayagraj
25-08-24	12:36:00	23.16509558	75.98325983	Varanasi
08-07-24	0:27:00	18.49977639	65.92556216	Prayagraj
28-11-24	13:10:00	25.5004139	61.55937403	Kanpur
05-07-24	16:21:00	25.39695516	64.83136512	Varanasi
29-02-24	23:09:00	14.92802453	44.97993041	Prayagraj
03-06-24	5:11:00	35.22982045	56.94243019	Lucknow
13-10-24	21:29:00	29.61580554	50.94662325	Kanpur
16-09-24	6:28:00	17.34583305	57.91978594	Kanpur
04-07-24	14:01:00	31.52888957	58.32276577	Lucknow
01-10-24	0:19:00	13.41412365	74.25409637	Varanasi
01-08-24	23:31:00	22.01098245	51.85177326	Kanpur
17-03-24	3:06:00	30.85352963	53.89625914	Lucknow
13-10-24	1:31:00	31.04526641	59.41687277	Lucknow
05-04-24	17:49:00	20.67631844	51.60668474	Kanpur
17-08-24	2:13:00	20.98948761	64.18489766	Agra
16-03-24	14:26:00	19.95344329	67.19740135	Lucknow
05-04-24	8:54:00	30.74194264	55.54591773	Gorakhpur
19-12-24	8:33:00	29.18285554	58.71637584	Agra
30-06-24	3:11:00	18.26684673	66.89177509	Varanasi
31-12-24	3:13:00	24.64110505	58.52810392	Kanpur
15-12-24	19:44:00	28.48348557	68.53287815	Agra
19-04-24	7:49:00	25.7487844	60.57082182	Agra
13-11-24	19:58:00	18.23663682	64.33279369	Prayagraj
21-06-24	21:07:00	19.91542063	35.93004858	Varanasi
30-12-24	13:20:00	23.03105736	57.21332118	Kanpur
17-10-24	21:11:00	24.32873571	68.62932701	Lucknow
26-07-24	5:21:00	23.20363274	64.18577143	Gorakhpur
09-07-24	7:31:00	13.86870562	57.00221711	Lucknow
13-06-24	13:36:00	21.77256957	81.21783325	Lucknow
26-03-24	5:14:00	24.72110871	60.3883491	Kanpur
06-07-24	22:22:00	24.78804072	50.92940129	Gorakhpur
26-01-24	4:13:00	31.22351263	60.40033538	Gorakhpur
23-08-24	21:38:00	28.2168966	75.14706625	Kanpur
29-08-24	13:05:00	31.69687443	53.12425646	Kanpur
18-06-24	20:19:00	26.6811273	59.46866362	Varanasi
18-07-24	15:12:00	15.63755978	53.43274871	Agra
24-01-24	8:08:00	33.01289915	73.89419085	Agra
20-12-24	15:53:00	16.56328012	53.57241499	Lucknow
04-06-24	12:31:00	12.45581156	65.13825273	Agra
04-01-24	17:17:00	25.46381339	59.84728395	Prayagraj
04-10-24	3:44:00	28.12607915	62.9808795	Gorakhpur
31-01-24	12:59:00	30.00809696	67.47531474	Varanasi
05-12-24	22:44:00	28.32609249	53.40454391	Agra
29-02-24	3:27:00	19.69197574	45.87150306	Agra
14-02-24	0:40:00	24.23319697	59.44155088	Kanpur
12-12-24	1:48:00	27.35079013	61.11167899	Varanasi
01-02-24	15:15:00	23.78855243	58.58587301	Lucknow
23-01-24	0:36:00	24.79874766	47.28505013	Gorakhpur
15-06-24	19:01:00	17.87418679	54.84906225	Prayagraj
22-11-24	5:32:00	17.16424152	59.16787177	Kanpur
13-03-24	8:09:00	27.42059367	49.13341011	Prayagraj
26-08-24	8:03:00	19.15572713	67.82558917	Lucknow
25-12-24	5:27:00	31.78450559	71.81134941	Varanasi
07-03-24	0:30:00	16.78321332	41.56829992	Prayagraj
17-10-24	0:55:00	22.58149696	60.68118577	Prayagraj
26-09-24	6:51:00	30.26460105	65.65127198	Agra
24-10-24	13:20:00	26.17672728	63.54975337	Varanasi
29-03-24	23:46:00	33.77042072	55.55660634	Prayagraj
30-03-24	15:24:00	21.25394292	74.28359085	Prayagraj
17-12-24	23:11:00	34.41492552	65.85968622	Prayagraj
14-11-24	23:24:00	19.78818112	68.67682602	Kanpur
24-10-24	1:08:00	14.05746664	59.03400967	Lucknow
06-05-24	8:45:00	21.40406498	58.79280953	Prayagraj
12-12-24	19:39:00	24.80092995	63.87750249	Agra
05-11-24	19:08:00	27.6236977	48.36199706	Lucknow
24-01-24	8:59:00	22.04141436	49.61789376	Agra
29-10-24	11:42:00	24.66456229	76.08385405	Gorakhpur
16-05-24	16:31:00	31.33267975	61.94676065	Kanpur
31-05-24	7:51:00	20.20504864	59.0164139	Agra
20-06-24	2:41:00	29.06014149	62.92789847	Gorakhpur
11-11-24	20:46:00	19.74349181	68.16161878	Varanasi
16-05-24	12:00:00	27.10671903	68.93578495	Gorakhpur
17-09-24	14:24:00	19.93218288	56.19426807	Kanpur
25-03-24	2:46:00	27.64739737	60.83930763	Agra
09-09-24	14:00:00	22.05860529	59.87278713	Gorakhpur
08-09-24	10:47:00	19.66998809	73.26477785	Gorakhpur
15-06-24	15:35:00	34.19538581	60.32588071	Gorakhpur
17-04-24	19:48:00	23.83070125	43.77208134	Kanpur
10-02-24	15:22:00	19.55214838	69.72431425	Gorakhpur
01-10-24	6:46:00	23.27158828	53.39268027	Kanpur
19-10-24	0:36:00	27.02350981	45.43580584	Lucknow
16-09-24	6:09:00	22.7262635	56.76698524	Kanpur
02-05-24	11:00:00	21.7424797	59.80671705	Agra
08-08-24	13:26:00	24.09894542	77.99607401	Lucknow
07-02-24	3:35:00	26.27608446	67.60523525	Gorakhpur
12-12-24	5:45:00	28.486629	45.99812209	Gorakhpur
27-10-24	19:46:00	23.16092293	41.02425929	Gorakhpur
26-12-24	5:43:00	24.82238488	70.07161436	Varanasi
23-04-24	15:27:00	33.56070333	62.38526713	Kanpur
30-06-24	16:57:00	26.02433252	70.30336143	Prayagraj
31-03-24	22:10:00	15.76162578	82.4387478	Gorakhpur
24-07-24	17:47:00	24.83534979	76.6780387	Lucknow
01-11-24	14:34:00	24.00485881	72.8721902	Prayagraj
07-06-24	22:08:00	27.33968265	74.82305042	Gorakhpur
29-09-24	7:01:00	28.50406043	53.48767257	Prayagraj
16-09-24	15:46:00	18.37377858	54.28459302	Varanasi
19-08-24	21:25:00	29.54112461	49.16159368	Varanasi
09-01-24	4:22:00	26.98933488	89.20991828	Agra
02-09-24	3:32:00	25.1278246	64.6746583	Kanpur
09-02-24	12:08:00	16.97669552	62.68583221	Gorakhpur
19-04-24	13:00:00	21.38255922	67.61505354	Kanpur
02-01-24	15:57:00	29.7641705	72.3057367	Gorakhpur
07-08-24	12:36:00	26.22687814	75.13451952	Prayagraj
22-09-24	3:26:00	24.60638939	40.6347556	Prayagraj
20-05-24	3:00:00	30.14785661	59.31991105	Lucknow
15-08-24	16:03:00	27.6335171	58.57425701	Gorakhpur
30-12-24	13:22:00	30.98967404	63.13789778	Lucknow
29-03-24	12:40:00	22.39407405	60.92245867	Gorakhpur
03-09-24	22:30:00	22.70142007	57.80403791	Gorakhpur
01-10-24	20:48:00	21.65559458	52.89457953	Prayagraj
21-03-24	7:09:00	29.32132559	40.67168308	Agra
07-03-24	13:59:00	21.31276346	60.2655834	Agra
08-02-24	12:15:00	20.97558881	51.28183183	Varanasi
29-07-24	12:11:00	26.93637693	61.40294537	Gorakhpur
21-07-24	4:14:00	29.14183197	71.28972769	Prayagraj
07-05-24	23:35:00	20.50474364	55.73566831	Lucknow
14-07-24	16:58:00	22.83700298	66.28815616	Gorakhpur
19-08-24	20:53:00	28.81261908	44.32968027	Kanpur
22-04-24	23:15:00	27.21408266	72.26083091	Prayagraj
22-06-24	5:55:00	14.57127377	59.25059072	Prayagraj
14-07-24	11:20:00	22.41850138	58.47085079	Kanpur
26-04-24	22:27:00	21.29821444	74.24793335	Kanpur
01-03-24	22:43:00	32.60802585	42.66103824	Agra
03-02-24	22:05:00	28.03211351	35.77352566	Gorakhpur
20-04-24	8:44:00	29.10946227	49.43712887	Gorakhpur
27-09-24	12:05:00	26.18520462	23.55683951	Gorakhpur
23-03-24	12:12:00	29.38169331	51.60604866	Lucknow
15-09-24	22:28:00	29.24230157	63.71757698	Gorakhpur
26-11-24	6:11:00	26.27452138	61.69407222	Lucknow
18-06-24	3:44:00	25.49729217	51.48728193	Prayagraj
14-11-24	21:15:00	21.61749558	69.26590436	Agra
12-11-24	2:28:00	36.20151205	60.14815168	Agra
22-11-24	15:53:00	28.41895997	62.98492392	Gorakhpur
01-11-24	2:56:00	20.29118301	65.83037275	Kanpur
20-12-24	15:26:00	25.65019233	54.74773124	Lucknow
04-11-24	10:20:00	28.91047034	62.29793112	Lucknow
02-04-24	20:17:00	27.1014436	56.01408601	Lucknow
01-07-24	3:52:00	33.57322144	67.22548092	Agra
06-11-24	0:57:00	27.49433149	48.36432704	Kanpur
28-01-24	12:14:00	32.57544729	71.24861657	Gorakhpur
08-02-24	2:22:00	17.39864125	51.40828825	Prayagraj
27-11-24	16:03:00	20.61951609	52.14413966	Varanasi
29-02-24	11:48:00	23.35354696	58.91189367	Agra
22-03-24	3:32:00	32.25726766	66.39522055	Lucknow
05-04-24	18:43:00	13.30788553	55.85419773	Varanasi
20-11-24	22:29:00	32.20256514	51.80340127	Varanasi
08-12-24	8:12:00	22.77792529	45.29834459	Agra
11-08-24	3:17:00	26.26335116	48.11694674	Varanasi
24-09-24	1:36:00	22.57256894	43.95489784	Lucknow
22-08-24	4:36:00	29.11176116	62.13053443	Gorakhpur
02-07-24	2:59:00	29.67524064	74.44883816	Varanasi
01-06-24	19:30:00	18.55658419	60.19600175	Agra
29-02-24	9:11:00	26.04932257	62.78311715	Lucknow
11-06-24	13:34:00	23.81256103	75.96901485	Prayagraj
14-06-24	14:25:00	19.40774589	51.07047074	Prayagraj
15-07-24	21:04:00	23.75380825	67.55959637	Prayagraj
30-04-24	3:41:00	26.79256217	39.73237447	Gorakhpur
25-05-24	20:56:00	21.69852644	60.18783409	Varanasi
04-03-24	2:55:00	21.34870906	57.4607819	Kanpur
05-10-24	8:06:00	20.96108458	54.41174104	Agra
28-04-24	19:17:00	31.51452095	70.57385646	Kanpur
12-07-24	1:09:00	27.07781122	64.02801518	Gorakhpur
08-11-24	14:17:00	32.75561296	63.65931221	Varanasi
16-07-24	8:47:00	17.10915891	72.78351224	Kanpur
05-11-24	7:21:00	18.10877527	55.14869998	Lucknow
10-09-24	3:23:00	18.68500969	63.82952083	Varanasi
10-06-24	16:52:00	29.08360457	54.62074768	Kanpur
27-04-24	21:50:00	25.65108897	67.20663827	Prayagraj
08-09-24	6:04:00	33.00163062	47.08714755	Gorakhpur
21-04-24	21:39:00	27.82175298	63.04300345	Gorakhpur
08-05-24	17:16:00	19.49661325	61.70048159	Gorakhpur
30-11-24	10:56:00	23.50461394	48.69411589	Agra
11-09-24	21:03:00	16.15552963	46.54281253	Lucknow
29-08-24	22:33:00	22.62180127	37.25323615	Varanasi
10-05-24	6:00:00	21.22588631	75.65905889	Varanasi
01-12-24	0:15:00	20.00412692	60.70739926	Agra
21-01-24	6:34:00	24.61665316	55.38072385	Varanasi
05-09-24	20:08:00	24.96810117	59.63635994	Agra
29-09-24	2:59:00	27.53747112	54.5716771	Agra
15-06-24	10:15:00	22.9118264	65.5820496	Varanasi
27-11-24	11:16:00	30.31281124	55.75774498	Lucknow
12-01-24	19:38:00	22.66143522	70.90695555	Prayagraj
21-10-24	6:53:00	24.71723157	58.24629697	Gorakhpur
26-09-24	4:05:00	20.73016282	67.4139616	Varanasi
17-10-24	20:52:00	23.26939473	67.35508122	Kanpur
06-04-24	16:04:00	25.64599112	69.96153034	Prayagraj
16-01-24	4:26:00	28.67152752	64.64298534	Prayagraj
26-04-24	23:58:00	24.50072589	57.269269	Prayagraj
08-05-24	17:11:00	27.69509726	71.90751487	Gorakhpur
23-03-24	6:31:00	24.3682377	80.7087034	Varanasi
03-12-24	6:37:00	23.19501567	54.79060979	Lucknow
01-10-24	1:32:00	27.86182207	72.09937355	Lucknow
24-12-24	17:27:00	27.4072945	60.70477173	Kanpur
11-01-24	13:21:00	20.73728348	84.07975407	Lucknow
29-02-24	1:45:00	26.71822924	56.72119407	Lucknow
13-05-24	7:35:00	17.52338912	56.63857688	Prayagraj
19-10-24	3:51:00	29.09545972	55.26576639	Lucknow
21-05-24	0:43:00	23.32899314	68.70286993	Varanasi
17-09-24	7:37:00	31.32808475	43.26358933	Varanasi
06-11-24	6:58:00	29.64326182	67.28198141	Prayagraj
11-03-24	17:38:00	21.86396063	49.94833598	Kanpur
22-08-24	9:24:00	18.33696079	59.14606183	Lucknow
22-06-24	11:10:00	21.99382056	47.99557263	Lucknow
27-02-24	7:56:00	29.88447767	46.29251818	Kanpur
07-01-24	19:08:00	29.23988448	66.8858708	Lucknow
04-01-24	6:57:00	20.15247245	57.8837133	Prayagraj
31-10-24	10:32:00	24.08679149	65.09348716	Kanpur
28-04-24	14:21:00	24.54490801	55.45152149	Varanasi
19-11-24	8:12:00	24.17674437	62.66378399	Kanpur
29-11-24	5:43:00	25.73631544	64.94671192	Lucknow
21-01-24	12:46:00	25.63535463	62.2182398	Lucknow
09-11-24	22:33:00	20.07604736	61.45933787	Agra
10-07-24	8:42:00	28.15504919	44.81841287	Lucknow
27-11-24	3:25:00	26.06781295	59.09037685	Kanpur
26-05-24	18:43:00	24.02020462	36.05526729	Lucknow
23-03-24	3:09:00	18.72273714	57.64044583	Gorakhpur
05-10-24	21:35:00	29.13637697	53.59343653	Kanpur
11-11-24	1:51:00	22.71711021	68.83597508	Prayagraj
12-08-24	7:50:00	30.02276092	68.39208361	Kanpur
12-08-24	3:42:00	34.78196634	38.36229501	Gorakhpur
10-07-24	1:44:00	35.88762598	63.67875372	Varanasi
12-04-24	6:15:00	23.69597445	64.09392824	Varanasi
19-01-24	5:34:00	28.00945139	79.25861676	Kanpur
11-09-24	15:23:00	22.03542285	43.90930573	Varanasi
16-12-24	22:08:00	28.11463324	68.26919796	Kanpur
04-09-24	13:21:00	28.51521402	68.51470912	Kanpur
29-06-24	21:31:00	21.67963029	69.60343198	Prayagraj
14-10-24	1:35:00	19.36514682	58.27803827	Agra
23-08-24	9:20:00	24.60882644	49.87958727	Kanpur
23-06-24	18:09:00	26.21697709	43.16999447	Agra
18-07-24	23:36:00	21.3011369	59.11307885	Agra
28-01-24	4:23:00	27.59668867	61.80421277	Lucknow
21-11-24	16:48:00	29.75484659	66.72214095	Kanpur
01-04-24	15:38:00	28.73225616	49.92720246	Varanasi
10-01-24	17:37:00	26.73279157	53.78568927	Lucknow
23-11-24	6:30:00	22.56063253	72.42746761	Kanpur
16-03-24	6:01:00	21.76511822	65.13417182	Varanasi
09-08-24	23:12:00	36.88221581	51.43522832	Agra
26-12-24	4:15:00	25.85484868	51.27903559	Gorakhpur
13-12-24	2:27:00	20.84934795	63.83772585	Lucknow
28-02-24	10:31:00	29.49316021	66.03288571	Kanpur
18-03-24	0:38:00	23.70365473	54.339994	Kanpur
01-01-24	5:06:00	30.53481883	51.16434309	Varanasi
25-09-24	10:35:00	23.89484079	59.77445234	Agra
24-09-24	4:43:00	33.85056979	56.84385819	Prayagraj
17-06-24	20:45:00	25.28617139	52.79371193	Lucknow
30-01-24	12:31:00	18.25419602	50.8888478	Prayagraj
26-03-24	7:04:00	23.09517615	52.9861277	Agra
19-04-24	0:37:00	30.20397484	53.10210921	Varanasi
23-05-24	20:12:00	21.77870175	47.41673884	Kanpur
18-01-24	0:20:00	22.2954381	57.2132815	Varanasi
07-11-24	16:23:00	29.28826736	60.54518237	Kanpur
12-02-24	19:26:00	21.18174315	61.35157493	Prayagraj
27-06-24	23:35:00	23.99063909	71.3769741	Varanasi
22-10-24	0:33:00	28.41428419	46.78206895	Lucknow
11-03-24	1:47:00	33.28314935	62.27700807	Gorakhpur
27-05-24	7:29:00	30.49734207	61.4241353	Varanasi
03-08-24	17:30:00	26.68081449	52.36241394	Lucknow
13-01-24	10:42:00	24.89275195	63.2433818	Gorakhpur
03-05-24	1:36:00	22.48622391	59.62635358	Kanpur
01-11-24	18:44:00	25.84240174	60.61429197	Varanasi
13-06-24	18:17:00	23.32378289	42.14582048	Kanpur
25-12-24	7:04:00	27.92990825	53.42795565	Gorakhpur
12-06-24	2:18:00	21.83684894	55.40103234	Varanasi
09-06-24	3:29:00	23.12730919	65.83886923	Lucknow
20-06-24	14:08:00	25.51865135	50.42306671	Lucknow
29-06-24	3:56:00	13.95364001	56.20873355	Varanasi
12-08-24	18:29:00	32.53530929	55.93705187	Lucknow
15-06-24	12:02:00	32.14934755	47.57672792	Kanpur
24-08-24	7:09:00	25.22897454	57.25189892	Lucknow
21-11-24	8:49:00	24.88993656	45.33556308	Gorakhpur
05-12-24	13:25:00	28.71892469	69.4041063	Lucknow
18-02-24	20:23:00	21.07379864	61.91960582	Prayagraj
06-08-24	11:24:00	23.47115032	49.14578118	Kanpur
08-04-24	16:49:00	25.58538546	63.5294244	Varanasi
29-07-24	5:01:00	24.7763011	52.29694379	Agra
27-09-24	23:21:00	29.57411582	66.31930359	Varanasi
17-04-24	9:11:00	13.82112373	64.85776162	Prayagraj
14-03-24	1:00:00	28.4890194	56.38651451	Kanpur
04-07-24	6:05:00	18.63150509	60.7459668	Lucknow
21-01-24	21:46:00	21.74397239	69.50621083	Gorakhpur
22-05-24	0:06:00	30.46871506	51.38347288	Gorakhpur
02-01-24	14:14:00	24.76693288	77.11688483	Varanasi
26-11-24	23:49:00	23.12330698	42.52268326	Kanpur
04-05-24	4:29:00	30.8104282	47.88281068	Lucknow
16-11-24	17:47:00	23.56378688	58.73053401	Varanasi
11-08-24	21:02:00	24.16222948	49.70091601	Prayagraj
21-05-24	1:39:00	34.00179283	76.18964183	Prayagraj
18-12-24	10:31:00	19.82626502	68.550016	Prayagraj
22-10-24	18:47:00	31.25927279	57.48991985	Kanpur
29-03-24	17:01:00	22.61317024	47.16130148	Agra
10-06-24	6:12:00	31.52431296	53.25150171	Prayagraj
30-06-24	14:17:00	28.69462429	57.09796599	Agra
28-06-24	7:29:00	19.69416801	55.23630941	Lucknow
17-11-24	11:14:00	27.84347494	46.03212089	Prayagraj
07-12-24	7:01:00	16.1715446	68.87267139	Varanasi
16-07-24	3:36:00	15.95791796	65.11375218	Gorakhpur
07-11-24	16:50:00	31.81023397	70.03896296	Lucknow
01-06-24	16:08:00	29.36778631	58.64298983	Kanpur
08-05-24	23:04:00	23.26341767	53.64889454	Agra
06-01-24	20:38:00	20.84012698	54.50727861	Varanasi
22-04-24	1:51:00	21.3076696	68.08634399	Prayagraj
12-08-24	23:19:00	27.492628	48.25082786	Agra
10-04-24	19:05:00	30.65163078	59.67165485	Prayagraj
09-04-24	2:25:00	26.82897995	46.26606167	Lucknow
25-09-24	12:50:00	18.61901921	68.34480117	Varanasi
13-02-24	9:16:00	25.36469656	46.92333151	Lucknow
17-04-24	1:17:00	31.12695574	79.47238354	Kanpur
04-12-24	1:49:00	24.49524566	87.75167555	Prayagraj
18-07-24	9:16:00	28.17613789	49.58238902	Kanpur
28-08-24	14:15:00	31.23608893	60.2198096	Varanasi
25-12-24	21:16:00	25.89374559	73.90876327	Lucknow
25-01-24	21:16:00	26.96383068	36.39849711	Lucknow
15-10-24	2:40:00	25.24063052	68.15239713	Agra
05-11-24	15:27:00	32.40994981	87.89553483	Gorakhpur
22-09-24	9:07:00	21.98840611	35.02935276	Prayagraj
14-06-24	3:56:00	23.94235293	59.11118671	Prayagraj
28-04-24	11:20:00	29.66285642	63.04296377	Prayagraj
28-07-24	8:23:00	29.00043847	55.03066907	Varanasi
12-06-24	10:49:00	31.6752829	51.98221016	Gorakhpur
14-03-24	21:17:00	23.37081385	52.05918395	Varanasi
18-03-24	1:45:00	26.1490264	88.40980289	Prayagraj
04-06-24	15:35:00	26.21598411	64.66620574	Varanasi
27-06-24	18:41:00	18.25672014	57.72074527	Prayagraj
30-05-24	2:51:00	19.53803157	67.01667539	Kanpur
19-10-24	4:51:00	32.17822353	57.08934544	Varanasi
07-03-24	17:12:00	18.98237239	73.94179365	Lucknow
21-07-24	2:01:00	22.7781619	70.53680931	Prayagraj
08-06-24	15:54:00	23.13386045	69.20754797	Lucknow
26-04-24	8:55:00	24.71552746	59.98970853	Agra
06-09-24	4:50:00	26.63157071	47.00754851	Gorakhpur
09-03-24	16:19:00	31.79010339	52.60177294	Kanpur
06-01-24	0:40:00	29.78906245	55.24912879	Varanasi
06-03-24	2:36:00	32.80802964	70.88484996	Varanasi
15-10-24	19:44:00	30.76877479	80.04926178	Varanasi
17-12-24	21:37:00	22.44982452	62.5394742	Lucknow
08-03-24	2:20:00	26.7368141	49.45790864	Varanasi
20-08-24	20:03:00	25.15409549	42.87841661	Kanpur
18-11-24	4:59:00	20.31629215	75.88207906	Prayagraj
15-06-24	6:41:00	26.778154	57.0491754	Agra
13-03-24	9:36:00	26.61853676	64.08372949	Lucknow
12-07-24	2:15:00	32.4142808	61.70823747	Varanasi
24-12-24	9:16:00	37.08951929	63.65114568	Kanpur
16-01-24	8:43:00	27.79243037	67.44758064	Gorakhpur
09-03-24	22:05:00	19.46018518	56.01625683	Kanpur
22-04-24	7:04:00	29.69158211	55.44451591	Agra
23-09-24	3:55:00	23.59130698	53.46595368	Varanasi
03-06-24	19:03:00	25.89105535	70.30993154	Gorakhpur
07-11-24	18:41:00	25.75810585	54.67749873	Agra
01-09-24	3:42:00	33.0491267	51.24806421	Varanasi
03-04-24	7:55:00	27.49758667	67.75042305	Agra
22-02-24	3:05:00	20.71215573	54.44090024	Gorakhpur
19-01-24	22:58:00	28.50227231	64.23376637	Prayagraj
15-06-24	11:03:00	18.89631733	65.18884054	Varanasi
28-09-24	12:38:00	27.36267595	48.08796894	Gorakhpur
06-08-24	6:34:00	27.1619434	55.14689201	Lucknow
25-05-24	4:58:00	19.48094958	72.53540849	Lucknow
29-08-24	21:27:00	17.48221802	56.21460551	Agra
08-06-24	12:26:00	33.2874585	48.13942149	Varanasi
27-04-24	17:17:00	29.73101859	51.41257554	Kanpur
03-04-24	19:28:00	25.71814649	56.95864174	Prayagraj
28-12-24	21:21:00	20.49449328	54.25310792	Kanpur
02-05-24	17:21:00	31.04028492	61.18726063	Lucknow
17-09-24	23:23:00	25.48688767	58.26147774	Varanasi
30-10-24	13:57:00	22.88554037	53.90684127	Agra
06-03-24	18:38:00	16.65453257	58.99260647	Agra
14-01-24	9:11:00	15.36082345	70.64023344	Lucknow
20-02-24	15:32:00	22.26219705	64.18529119	Lucknow
23-12-24	12:09:00	25.59931149	56.04185499	Lucknow
12-09-24	14:15:00	42.11030938	48.38954612	Kanpur
03-05-24	10:40:00	30.06660201	53.82866032	Prayagraj
07-09-24	17:54:00	27.76782056	56.03702104	Lucknow
15-05-24	11:33:00	28.22359871	50.33640989	Varanasi
31-08-24	8:20:00	26.69192003	77.93499892	Agra
09-07-24	15:02:00	22.9751568	49.26866439	Lucknow
09-02-24	17:49:00	27.33839441	44.00964624	Kanpur
16-12-24	22:55:00	22.8633261	70.12679489	Kanpur
29-09-24	13:20:00	21.79220063	60.24045255	Agra
26-07-24	5:01:00	24.70256826	57.86219917	Agra
01-06-24	14:18:00	21.09787239	66.90949683	Lucknow
25-06-24	14:35:00	20.02727271	56.33105212	Varanasi
20-04-24	2:55:00	26.02117019	53.7640669	Varanasi
17-07-24	3:58:00	22.5185952	62.61061406	Gorakhpur
25-04-24	22:59:00	9.577780419	66.93782372	Kanpur
07-02-24	8:58:00	27.17424432	53.05974051	Kanpur
04-08-24	15:51:00	26.54007629	61.12577923	Agra
27-04-24	14:20:00	26.39007689	51.45583543	Lucknow
11-06-24	1:48:00	15.31384719	49.29693626	Gorakhpur
27-01-24	16:55:00	29.15793166	54.32075117	Gorakhpur
21-04-24	3:07:00	29.88447718	73.21477565	Kanpur
30-08-24	22:48:00	22.32499708	65.75299067	Lucknow
30-01-24	5:24:00	23.38574134	45.52944233	Varanasi
06-06-24	22:20:00	33.34586294	51.05519166	Varanasi
02-10-24	5:09:00	21.53153521	49.58461407	Lucknow
03-03-24	16:44:00	27.84753846	66.76900125	Agra
27-09-24	4:07:00	25.53347538	30.79238021	Agra
14-12-24	20:18:00	22.11140945	55.38837727	Varanasi
07-01-24	12:50:00	31.30719481	55.63798789	Kanpur
09-11-24	5:06:00	32.31092041	49.46960925	Varanasi
24-12-24	10:06:00	16.20808505	54.1419668	Prayagraj
07-05-24	7:00:00	32.29328951	57.67468157	Gorakhpur
13-05-24	3:38:00	25.48973122	58.7771902	Gorakhpur
22-06-24	14:50:00	29.75224607	62.52702483	Agra
07-04-24	20:44:00	24.85547962	50.71485968	Varanasi
07-05-24	1:24:00	20.52761793	60.13389834	Gorakhpur
17-02-24	17:21:00	27.42629997	64.73031534	Kanpur
06-03-24	23:35:00	26.70355581	50.05311972	Prayagraj
09-04-24	11:11:00	25.19188389	41.78111731	Lucknow
08-04-24	10:31:00	16.85583867	68.06563052	Prayagraj
20-01-24	17:59:00	32.2588141	55.57157366	Lucknow
29-02-24	3:44:00	18.03986987	59.13021992	Agra
12-01-24	5:39:00	18.94707505	50.87098575	Gorakhpur
26-06-24	2:51:00	27.21952295	54.71636129	Prayagraj
08-11-24	20:24:00	33.80031781	45.7274557	Gorakhpur
08-03-24	7:05:00	23.13698397	71.6022006	Prayagraj
13-05-24	1:10:00	30.24821141	42.01008344	Lucknow
15-04-24	8:49:00	19.89596444	59.55468533	Lucknow
11-11-24	22:24:00	26.95009756	60.16295191	Gorakhpur
20-03-24	15:39:00	24.92374547	59.6257441	Kanpur
04-01-24	12:39:00	32.32947662	43.34650816	Kanpur
15-12-24	18:54:00	28.76735811	76.12308317	Gorakhpur
25-11-24	23:16:00	21.7270992	72.1229502	Prayagraj
10-05-24	7:14:00	26.4681264	64.80570518	Kanpur
17-03-24	19:45:00	29.79894098	52.99957541	Lucknow
14-05-24	16:10:00	27.93434552	64.16432653	Varanasi
16-05-24	4:05:00	27.2229129	59.01785682	Gorakhpur
28-04-24	15:19:00	24.07913799	47.18480875	Agra
23-10-24	12:04:00	18.60218018	67.4939803	Lucknow
12-01-24	9:40:00	28.81471323	88.65601002	Varanasi
23-06-24	1:57:00	18.34122945	62.25722132	Varanasi
02-09-24	17:36:00	34.39771931	55.10537736	Lucknow
19-02-24	0:45:00	34.35364367	49.67465874	Prayagraj
25-08-24	20:42:00	35.93401237	63.05105821	Gorakhpur
12-10-24	4:38:00	26.54897971	59.68709489	Kanpur
12-05-24	13:51:00	29.84704885	69.45634248	Lucknow
29-05-24	5:55:00	26.56700147	53.8059627	Prayagraj
08-02-24	1:21:00	28.0127757	59.26513318	Lucknow
07-09-24	19:29:00	27.48012245	66.37511466	Agra
07-09-24	4:11:00	30.14128789	30.09014968	Varanasi
15-12-24	23:29:00	24.64983112	66.80948861	Agra
05-08-24	19:30:00	21.88363573	49.6223905	Kanpur
29-03-24	2:58:00	34.34338134	68.00497276	Agra
15-03-24	19:47:00	23.14706431	60.15062025	Agra
10-01-24	22:16:00	11.0915792	64.91464134	Lucknow
20-09-24	10:58:00	27.72823196	56.62741664	Lucknow
15-08-24	7:34:00	22.0918696	69.56759746	Gorakhpur
04-04-24	5:33:00	29.00247389	75.87937587	Kanpur
14-04-24	16:18:00	28.93278431	68.09647802	Gorakhpur
19-12-24	15:09:00	31.35542916	69.75779172	Prayagraj
16-11-24	7:30:00	21.66232659	78.4616437	Varanasi
08-12-24	19:03:00	34.84843374	58.42707377	Gorakhpur
29-01-24	8:12:00	28.57024355	64.81929242	Agra
19-12-24	6:13:00	20.83430899	58.86143081	Agra
24-08-24	1:24:00	38.47131981	43.39869619	Gorakhpur
07-04-24	11:19:00	22.19785862	56.29685692	Agra
20-01-24	14:45:00	21.95603165	50.47080852	Prayagraj
18-12-24	4:37:00	27.07788254	66.29857303	Kanpur
02-06-24	18:00:00	32.87805179	66.38662409	Lucknow
20-12-24	5:20:00	25.23220035	73.95549331	Lucknow
26-09-24	7:31:00	35.59099415	48.27996294	Prayagraj
07-10-24	12:57:00	28.93119009	51.40208857	Prayagraj
16-11-24	11:35:00	27.45651134	69.32274113	Varanasi
02-04-24	11:48:00	31.48131206	75.59850273	Prayagraj
12-08-24	23:09:00	22.04762875	39.60450325	Agra
05-09-24	23:45:00	22.39837548	67.58840452	Prayagraj
17-12-24	12:11:00	20.05005417	74.72273426	Kanpur
01-10-24	7:26:00	25.22633823	66.5383674	Prayagraj
04-07-24	22:23:00	30.74494911	72.17126383	Lucknow
10-07-24	8:08:00	22.50249613	54.92114521	Lucknow
06-02-24	15:36:00	20.62901656	69.51585849	Gorakhpur
08-04-24	9:19:00	23.33539372	58.13309512	Varanasi
13-04-24	14:50:00	27.21674616	70.93974461	Prayagraj
13-12-24	5:19:00	18.64389926	49.41514138	Prayagraj
24-02-24	3:48:00	25.94945985	70.24528653	Agra
18-09-24	10:56:00	18.47507132	74.82959886	Kanpur
06-10-24	17:24:00	23.42486961	63.47380695	Agra
28-04-24	3:04:00	30.61619769	49.87994957	Varanasi
15-08-24	10:06:00	25.123911	58.39640261	Lucknow
26-06-24	1:10:00	26.91224749	56.38688219	Agra
23-02-24	8:16:00	32.21550022	73.59774934	Kanpur
05-01-24	3:13:00	25.61746954	29.56814052	Lucknow
10-09-24	4:05:00	31.1310221	64.01545857	Gorakhpur
28-02-24	17:50:00	22.18602603	63.33442775	Prayagraj
13-07-24	10:04:00	27.7701628	64.10195028	Gorakhpur
08-03-24	15:27:00	22.06755853	60.25218411	Lucknow
12-02-24	11:49:00	20.91689798	66.61108457	Agra
18-06-24	15:51:00	23.60367089	52.08047735	Lucknow
30-01-24	23:05:00	28.0465778	68.02352982	Prayagraj
11-12-24	19:48:00	24.51689307	62.20565318	Lucknow
25-08-24	4:30:00	25.32857341	69.56639607	Kanpur
11-11-24	7:40:00	25.43493345	59.62456278	Gorakhpur
16-04-24	2:37:00	26.16886724	52.4405104	Agra
10-08-24	19:37:00	25.09962245	59.16715947	Kanpur
19-04-24	17:44:00	27.86321419	63.4995345	Agra
24-07-24	3:29:00	29.58187612	63.6118866	Agra
23-07-24	21:05:00	23.99255323	57.50346039	Lucknow
29-09-24	19:32:00	25.70880639	61.97358318	Gorakhpur
25-03-24	18:47:00	18.90068095	72.34175193	Gorakhpur
21-05-24	23:28:00	20.76655439	64.50061578	Prayagraj
02-05-24	23:05:00	22.16023801	54.18563922	Gorakhpur
24-09-24	9:19:00	13.45250867	65.25990182	Kanpur
22-05-24	10:57:00	29.74154422	76.87855485	Lucknow
27-01-24	7:50:00	26.43758484	63.29072281	Lucknow
16-05-24	20:03:00	22.18229456	73.34328476	Prayagraj
05-09-24	7:36:00	30.2988572	65.34097446	Agra
03-10-24	21:53:00	22.43370257	53.1931528	Prayagraj
26-08-24	17:38:00	25.33600568	34.09729948	Lucknow
04-10-24	4:48:00	16.82521666	55.85917375	Varanasi
01-10-24	3:17:00	31.33766934	71.32904899	Kanpur
05-11-24	19:08:00	18.93346749	61.08660815	Gorakhpur
25-08-24	17:38:00	28.93217942	58.06774059	Gorakhpur
14-04-24	11:02:00	40.05974051	65.85134486	Kanpur
16-11-24	13:23:00	22.9906567	79.29396446	Lucknow
23-03-24	14:44:00	20.5619009	46.11188714	Varanasi
26-07-24	17:44:00	17.489958	47.25921652	Prayagraj
21-10-24	21:05:00	18.01805101	66.54123245	Lucknow
17-02-24	15:22:00	21.64171242	45.35955219	Prayagraj
23-03-24	10:53:00	27.46457716	57.09585973	Kanpur
09-09-24	17:21:00	25.34991756	57.86439367	Prayagraj
29-10-24	8:58:00	23.1390713	72.09829918	Gorakhpur
14-10-24	6:04:00	22.60915455	54.47899447	Prayagraj
08-11-24	20:04:00	21.88174764	72.57660938	Varanasi
04-10-24	11:41:00	26.23527813	61.25119191	Lucknow
09-10-24	3:54:00	24.54490638	60.04677832	Gorakhpur
14-05-24	6:42:00	30.84009908	46.38175778	Agra
22-09-24	23:48:00	19.69939088	75.46332502	Agra
05-03-24	4:30:00	27.43719783	60.2387542	Kanpur
17-11-24	9:54:00	29.46776492	66.67084662	Gorakhpur
19-12-24	23:51:00	18.56305882	52.12874545	Prayagraj
23-06-24	0:36:00	27.15330435	79.11934882	Varanasi
05-11-24	6:56:00	28.481219	70.22621617	Kanpur
11-09-24	23:49:00	27.76314047	48.65692733	Prayagraj
13-09-24	19:52:00	23.44218133	76.56827193	Lucknow
08-04-24	13:25:00	25.95622982	72.98632165	Kanpur
06-12-24	16:11:00	20.42397777	80.39655708	Agra
28-02-24	14:33:00	21.36131815	71.12392761	Agra
29-02-24	8:26:00	22.21198434	56.38314966	Prayagraj
05-07-24	0:32:00	24.03169805	44.85203383	Prayagraj
18-01-24	0:28:00	24.67282103	69.86746654	Gorakhpur
08-09-24	11:39:00	21.7268334	50.62227204	Varanasi
17-07-24	13:39:00	28.27823687	67.83640775	Kanpur
19-07-24	16:55:00	26.75674558	57.05357654	Varanasi
07-02-24	9:26:00	22.7639671	64.40149914	Prayagraj
01-03-24	2:44:00	23.47605676	64.33653188	Agra
03-06-24	21:43:00	25.97181133	56.31096699	Prayagraj
27-03-24	14:32:00	25.15337255	62.4052541	Gorakhpur
30-05-24	21:19:00	25.63924765	69.08755229	Varanasi
19-03-24	23:41:00	23.78499038	63.64229428	Lucknow
11-11-24	3:07:00	23.79407425	69.60301222	Kanpur
16-05-24	21:18:00	27.89743779	55.47545462	Kanpur
20-06-24	21:41:00	21.35420402	56.95024719	Lucknow
05-01-24	4:08:00	24.95299245	51.30916503	Prayagraj
21-08-24	6:13:00	31.57125509	54.59767332	Lucknow
19-11-24	7:36:00	34.55905063	54.04885969	Prayagraj
03-07-24	19:32:00	18.41958322	63.84421572	Lucknow
04-09-24	0:39:00	21.45434419	27.80922116	Agra
16-09-24	21:12:00	35.12652088	62.33218398	Varanasi
05-07-24	2:54:00	16.86321871	57.23864912	Lucknow
19-03-24	18:47:00	25.93302872	51.24015163	Agra
14-07-24	22:04:00	18.0421248	66.7334769	Lucknow
06-05-24	3:11:00	23.4204765	70.21914978	Lucknow
24-12-24	15:13:00	33.03250787	44.48720932	Agra
22-03-24	17:04:00	20.62117111	67.60351701	Agra
28-05-24	12:13:00	28.97885873	47.01467174	Prayagraj
04-10-24	7:36:00	20.11738627	80.56783949	Lucknow
29-04-24	3:39:00	21.09835465	65.31744924	Varanasi
25-05-24	8:08:00	26.07677858	65.91903923	Prayagraj
14-04-24	9:44:00	27.5198527	55.97522524	Agra
22-11-24	11:55:00	28.24692432	54.03829733	Lucknow
17-02-24	6:38:00	25.37973448	46.75657983	Prayagraj
05-12-24	18:30:00	25.58575625	66.89166787	Agra
05-05-24	19:25:00	28.22856471	71.52011026	Agra
25-07-24	13:56:00	12.25301204	46.85018154	Varanasi
25-11-24	19:55:00	19.19857256	56.06971254	Lucknow
03-02-24	14:08:00	24.82094604	53.89591699	Kanpur
15-02-24	18:36:00	84.04147519	16.61233677	Gorakhpur
29-08-24	22:40:00	86.11133373	5.922056635	Prayagraj
16-03-24	12:22:00	76.56937581	3.343934144	Lucknow
27-01-24	8:33:00	76.78358903	2.463865312	Gorakhpur
26-11-24	11:09:00	79.82532448	11.96703074	Varanasi
18-06-24	10:22:00	78.46873331	9.32975414	Lucknow
02-10-24	18:19:00	95.30778474	7.037429608	Varanasi
14-04-24	11:45:00	80.62672278	16.18420735	Varanasi
02-11-24	13:36:00	87.15341688	8.383977538	Lucknow
15-08-24	13:12:00	72.18422971	9.647409398	Prayagraj
16-01-24	19:08:00	73.48526306	11.50013088	Lucknow
08-10-24	14:39:00	84.09428782	4.779901063	Prayagraj
31-07-24	4:45:00	73.79768233	4.405019735	Kanpur
10-03-24	2:31:00	71.3293858	14.09904454	Varanasi
05-07-24	11:55:00	81.91625882	8.783627067	Lucknow
04-11-24	9:54:00	68.16807652	5.337111759	Varanasi
07-09-24	1:21:00	88.68837689	6.277526372	Kanpur
07-08-24	15:37:00	88.58534192	9.648367667	Agra
20-06-24	23:22:00	104.5069939	6.526778971	Varanasi
05-06-24	22:37:00	79.35279029	14.44928404	Kanpur
22-11-24	20:47:00	103.4779276	8.135572281	Prayagraj
14-11-24	6:11:00	83.79503647	13.24372232	Agra
04-06-24	1:52:00	73.11548487	11.81659816	Agra
29-05-24	18:53:00	97.45258853	20.14503041	Lucknow
27-04-24	13:46:00	74.81470914	10.06002326	Varanasi
18-09-24	0:17:00	72.63260044	15.5767804	Varanasi
09-12-24	20:39:00	90.00715652	9.169801404	Agra
16-01-24	17:56:00	84.80252252	13.12030142	Lucknow
01-08-24	1:20:00	93.63972274	11.53375447	Lucknow
18-02-24	17:01:00	74.60655273	4.594793865	Varanasi
18-04-24	19:44:00	83.21442748	5.156026769	Kanpur
06-08-24	19:20:00	86.55507045	6.348707209	Gorakhpur
01-07-24	22:07:00	91.20480758	14.23939219	Agra
16-10-24	1:30:00	76.7684277	7.415739423	Prayagraj
02-02-24	14:49:00	87.79281566	15.53194384	Agra
09-09-24	2:46:00	80.66889232	3.763111038	Prayagraj
19-07-24	4:30:00	79.49400714	8.355184604	Varanasi
17-06-24	18:46:00	74.77898246	11.95368519	Kanpur
05-11-24	4:40:00	95.7158906	11.52015638	Kanpur
11-11-24	22:16:00	70.79379983	12.78416875	Gorakhpur
27-07-24	12:10:00	85.43684815	6.952414656	Varanasi
09-03-24	15:22:00	84.11698095	8.769132732	Varanasi
28-03-24	17:08:00	83.90987328	14.97995614	Lucknow
13-09-24	8:10:00	74.1375597	11.05776827	Kanpur
24-05-24	19:51:00	87.62821119	8.385273741	Lucknow
24-03-24	16:43:00	68.71968885	4.724164366	Varanasi
08-04-24	2:29:00	66.54937424	9.138095282	Prayagraj
02-11-24	20:16:00	82.99067669	11.9766249	Prayagraj
24-01-24	8:38:00	76.13383246	5.99736091	Prayagraj
08-10-24	19:40:00	76.63731301	4.7718391	Kanpur
